category,trigger,filename,suggested_spoken_line,priority
combat,Successful interrupt,interrupt.ogg,INTERRUPT!,must-have
combat,Low health warning,low_health.ogg,Careful! You’re low!,must-have
combat,Very low health / close call,close_call.ogg,That was WAY too close.,must-have
combat,Player death,sarcastic_death.ogg,Well... that went beautifully.,must-have
combat,Player resurrects,back_alive.ogg,Back on your feet. Try to keep it that way.,recommended
leveling,Level gained,level_up.ogg,There it is! LEVEL UP!,must-have
leveling,Near next level,almost_level.ogg,You’re almost there. Keep going.,recommended
combat,Normal fight win,combat_win.ogg,Clean. Next.,optional
combat,Long/hard fight survived,hard_fight.ogg,Okay... you earned that one.,recommended
dungeon,Boss pull,boss_pull.ogg,Boss up. Focus.,must-have
dungeon,Boss defeated,boss_kill.ogg,Boss down! Beautiful.,must-have
dungeon,Dungeon entered,dungeon_entry.ogg,All right. Dungeon time.,must-have
dungeon,Encounter wipe,dungeon_wipe.ogg,Shake it off. We go again.,must-have
dungeon,Dungeon completed,dungeon_complete.ogg,Clean run. Nicely done.,recommended
loot,Rare-quality loot,rare_loot.ogg,"Oh, that’s worth a look.",must-have
loot,Epic-quality loot,epic_loot.ogg,Purple! Now you’ve got my attention.,must-have
loot,Detected equipment upgrade,upgrade.ogg,That’s an upgrade. Equip it.,must-have
quest,Quest completed,quest_complete.ogg,Quest complete. Keep moving.,recommended
warning,Bags full,bags_full.ogg,Your bags are full. Again.,recommended
warning,Low durability,repair_gear.ogg,Repair your gear before it gives up.,recommended
warning,Broken equipment,gear_broken.ogg,Something broke. Impressive.,recommended
group,Ready check,ready_check.ogg,Ready check. Wake up.,recommended
ambient,Return from AFK,welcome_back.ogg,There you are. Finally.,recommended
pvp,Player kill,pvp_kill.ogg,Player down. Nice.,optional
pvp,Battleground victory,victory.ogg,Victory. I like this timeline.,optional
pvp,Battleground loss,defeat.ogg,Well... that could have gone better.,optional
target,Elite targeted,elite_target.ogg,Elite. Pay attention.,recommended
target,Dangerous/high-level target,dangerous_target.ogg,Careful. This one can hurt you.,recommended
resource,Low mana,low_mana.ogg,Mana’s low. Slow down.,optional
resource,Rage capped,rage_full.ogg,Rage is capped. Spend it.,optional
resource,Energy capped,energy_full.ogg,Energy capped. Use it.,optional
travel,Flight begins,flight_start.ogg,Sit back. I’ve got time to judge your route.,optional
travel,Flight lands,flight_land.ogg,We’re here. Back to work.,optional
travel,Mount used,mounted.ogg,Much better. Walking is overrated.,optional
travel,Swimming detected,swimming.ogg,Of course we’re swimming now.,optional
gold,Gold farm started,farm_start.ogg,Farm started. Let’s make this worth it.,optional
gold,Gold farm stopped,farm_stop.ogg,Farm done. Show me the numbers.,optional
target,Rare target discovered,rare_found.ogg,Rare spotted. Don’t let it get away.,future-ready
quest,Quest appears stalled,quest_stalled.ogg,We’ve been on this one a while. Change the plan?,optional
ambient,Player goes AFK,afk.ogg,Fine. I’ll wait. Elegantly.,optional
travel,Hearth action,hearth.ogg,Homeward bound. Try not to forget why.,optional
